title,description,image_url,link,board,keywords
"95% OF BABY FOOD CONTAINS TOXIC HEAVY METALS","Shocking new data reveals most commercial baby foods contain arsenic, lead, and cadmium. Learn which brands are safe and how to protect your child. Full parent's guide with actionable steps. Read the full guide on FoodFactScanner.",https://YOUR-HOST/heavy-metals-blue.png,/blog/complete-guide-heavy-metals-baby-food,"Baby Food Safety",baby food safety, heavy metals, arsenic, lead, cadmium, parenting
"95% OF BABY FOOD CONTAINS TOXIC HEAVY METALS (Alt 2)","Independent lab testing shows dangerous levels of heavy metals in 95% of baby food products. What every parent needs to know to keep their child safe. Complete guide with brand rankings.",https://YOUR-HOST/heavy-metals-green.png,/blog/complete-guide-heavy-metals-baby-food,"Baby Food Safety",baby food safety, heavy metals, toxic, lab tested, parent guide
"ORGANIC BABY FOOD ISN'T ALWAYS SAFE","Organic doesn't mean toxin-free. Independent testing shows organic baby foods often contain the SAME heavy metals as conventional. Learn what labels actually mean and how to read them.",https://YOUR-HOST/organic-myth.png,/blog/organic-baby-food-not-safe,"Baby Food Safety",organic baby food, food myths, heavy metals, healthy eating, label reading
"ORGANIC ≠ SAFE (The Truth About Baby Food)","Don't be fooled by the organic label. Our testing reveals organic baby food still contains concerning levels of arsenic and lead. Here's what to look for instead of just 'organic'.",https://YOUR-HOST/organic-split.png,/blog/organic-baby-food-not-safe,"Baby Food Safety",organic myth, baby food truth, food safety, parenting tips
"47 BABY FOOD RECALLS IN 2024 - Are You Getting Alerts?","Most parents never hear about recalls in time. Learn how to get instant notifications when products you buy are recalled. Stay ahead of dangerous products.",https://YOUR-HOST/recalls-red.png,/blog/baby-food-recalls-2024-guide,"Product Alerts",baby food recalls, product safety, alerts, 2024, parenting
"BABY FOOD RECALLS: Get Instant Notifications","47 recalls in 2024 alone. Don't wait for news alerts - learn how to monitor baby food products automatically and protect your child from recalled items.",https://YOUR-HOST/recalls-orange.png,/blog/baby-food-recalls-2024-guide,"Product Alerts",recall alerts, baby food safety, product monitoring, notifications
"PRENATAL VITAMINS: What to Look For (What to Avoid)","Not all prenatal vitamins are safe. Some contain harmful additives and contaminants. Learn which forms of nutrients are actually bioavailable and safe for your baby.",https://YOUR-HOST/prenatal-purple.png,/blog/pre-natal-vitamin-safety-guide,"Prenatal Nutrition",prenatal vitamins, pregnancy, supplements, healthy baby, nutrients
"Safe Prenatal Vitamins Guide - Avoid These Ingredients","Methylfolate ✓ Ferrous Bisglycinate ✓ Avoid: synthetic folic acid ✗ Magnesium stearate ✗ Get the complete guide to choosing truly safe prenatal supplements.",https://YOUR-HOST/prenatal-pink.png,/blog/pre-natal-vitamin-safety-guide,"Prenatal Nutrition",prenatal, vitamins, pregnancy health, supplements, safe ingredients
"BEST SAFE BABY FOOD BRANDS 2025 (Lab Tested Rankings)","We independently tested 50+ baby food brands for heavy metals and toxins. See which ones actually deliver on safety promises. Transparent results you can trust.",https://YOUR-HOST/brands-white.png,/blog/best-safe-baby-food-brands-2025,"Baby Food Brands",baby food brands, safe baby food, rankings, lab tested, 2025
"TOP 5 SAFEST BABY FOOD BRANDS - 2025 Rankings","✓ Lab tested ✓ No dangerous heavy metals ✓ Transparent testing results. See the full rankings and make informed choices for your baby's nutrition.",https://YOUR-HOST/brands-green.png,/blog/best-safe-baby-food-brands-2025,"Baby Food Brands",brand rankings, safe brands, baby food, tested, parents
"50 Things Every Parent Should Know About Baby Food","Based on independent lab testing and expert recommendations. The ultimate checklist for feeding your baby safely. Save this pin for later!",https://YOUR-HOST/list-blue.png,/blog/complete-guide-heavy-metals-baby-food,"Parenting Tips",parenting tips, baby food, checklist, things to know, safety
"Baby Food Label Checklist - What to Avoid","Use this checklist when shopping: ☐ Natural flavors ☐ Added preservatives ☐ Heavy metal testing disclosed. Download complete guide at FoodFactScanner.",https://YOUR-HOST/checklist-white.png,/blog/complete-guide-heavy-metals-baby-food,"Parenting Tips",label reading, baby food checklist, shopping tips, safe food